{
  "1": {
    "num_steps": 1,
    "psnr_mean": 7.112417831420898,
    "psnr_std": 0.3176986361230593,
    "fps": 24.288201416477428,
    "latency_ms": 41.17225408554077
  },
  "2": {
    "num_steps": 2,
    "psnr_mean": 14.770514659881592,
    "psnr_std": 1.2843453207253617,
    "fps": 12.510638044019698,
    "latency_ms": 79.93197441101074
  },
  "4": {
    "num_steps": 4,
    "psnr_mean": 15.94249599456787,
    "psnr_std": 0.8199496577462817,
    "fps": 7.707914373740595,
    "latency_ms": 129.7367811203003
  },
  "8": {
    "num_steps": 8,
    "psnr_mean": 15.226196823120118,
    "psnr_std": 0.7904003529541891,
    "fps": 4.003225636807001,
    "latency_ms": 249.7985601425171
  },
  "16": {
    "num_steps": 16,
    "psnr_mean": 14.692891120910645,
    "psnr_std": 0.8650841387174332,
    "fps": 2.0400727038162887,
    "latency_ms": 490.17860889434814
  }
}