{
  "num_frames": 296,
  "avg_fps": 7.532242101407687,
  "avg_latency_ms": 132.7625939974914
}